mu,std,nu,Alpha,B1,B2,B3
-3.072981927134382e-07,0.04854667396001487,4.597744753922105,0.04263422356923529,0.9747350961175136,2.0411194363537413,3.1548333397084733
