VaR Absolute,VaR Diff from Mean
0.04307720670173708,0.08898611269570594
