VaR Absolute,VaR Diff from Mean
0.030534719374794815,0.07656045582766308
