VaR Absolute,VaR Diff from Mean
0.041529702716233574,0.08743860871020243
