ES Absolute,ES Diff from Mean
0.041151752382537155,0.08717748883540541
