ES Absolute,ES Diff from Mean
0.08323052391278521,0.12913942990675406
