Stock,VaR95,ES95,VaR95_Pct,ES95_Pct
A,93.13115393451002,115.75731547962376,0.04656557696725501,0.05787865773981188
B,108.6059319144093,153.97659499910836,0.036201977304803096,0.05132553166636945
Total,152.25331049619356,202.82617286199977,0.030450662099238714,0.04056523457239995
